City,AQI,PM2.5,PM10
Bangalore,279.54371584699453,278.46994535519127,277.75956284153006
Chennai,274.3142076502732,275.1393442622951,273.26502732240436
Delhi,279.1530054644809,279.89890710382514,279.3497267759563
Hyderabad,280.3551912568306,277.8251366120219,276.45628415300547
Kolkata,265.9016393442623,264.6639344262295,263.6448087431694
Mumbai,287.7978142076503,286.0464480874317,286.6693989071038
Pune,276.379781420765,275.1256830601093,274.77322404371586
